Model,Training Time,Accuracy,Precision,Recall,F1 Score,AUC
NB Count,0.20873379707336426,0.8545414967808913,0.8558150546926305,0.8545414967808913,0.8544020005104388,0.9203729480359328
NB TF-IDF,0.24160122871398926,0.8640690538583258,0.8641525484233646,0.8640690538583258,0.8640590782843381,0.9403563202771574
NB TF-IDF Bigram,0.23942112922668457,0.8666058287216497,0.8666536072775436,0.8666058287216497,0.8665998638642298,0.9425242124952844
MLP Count,200.94851875305176,0.9128705742488049,0.9128814013148575,0.9128705742488049,0.9128704193085955,0.97287079581684
MLP TF-IDF,295.9296758174896,0.9149803672044406,0.9149805562380786,0.9149803672044406,0.9149804000881256,0.97385137655585
MLP TF-IDF Bigram,252.19957637786865,0.9142854750801638,0.914285571769636,0.9142854750801638,0.9142854977906224,0.9738700581093338
